Case,Condition,SuspicionCheck,Gender,Age,EduLevel,Occupation,NT01_01,NT01_02,NT01_03,NT01_04,NT01_05,NT01_06,NT01_07,NT01_08,NT01_09,NT01_10,NT01_11,NT01_12,NT01_13,NT01_14,NT01_15,NT01_16,NT01_17,NT01_18,NT01_19,NT01_20,SocialMediaUse,facebook,twitter,insta,youtube,pinterest,flickr,snapchat,tumblr,jodel,reddit,GivePosPDA,GiveNegPDA,RecPosPDA,RecNegPDA,PercOstracism,PercRejection,FamiliarityStatus,PB_total,AB_total,WB_total,PB_known,AB_known,WB_known,PB_unknown,AB_unknown,WB_unknown,All_likes,All_dislikes,All_ignore,FeedbackNature
263,3,0,2,27,6,3,4,3,4,4,4,4,4,4,4,4,4,4,4,4,4,2,4,3,3,2,4,2,1,2,2,1,1,1,1,1,2,3,2,4,2,2,2,0,3,1,4,1,1,2,2,0,2,5,5,1,3
264,1,0,1,23,6,3,3,2,2,3,3,2,2,2,2,2,2,2,2,2,2,2,2,2,2,2,5,2,1,2,1,2,1,2,1,2,1,6,2,4,4,4,3,0,4,0,3,2,0,2,2,0,1,10,1,0,0
265,3,1,1,23,6,3,5,5,5,5,4,2,4,3,4,4,4,5,4,4,3,4,4,3,2,3,2,2,1,2,1,1,1,1,1,1,1,2,1,1,1,1,1,0,3,0,3,1,0,1,2,0,2,10,0,1,2
266,2,0,2,24,6,3,1,4,4,2,2,4,3,2,3,2,3,3,4,3,1,1,2,2,3,1,3,2,1,1,2,1,1,2,1,1,1,2,1,5,1,3,3,1,3,1,4,2,0,2,1,1,2,5,4,2,-3
273,1,0,1,24,6,4,1,2,4,1,4,1,1,1,1,2,2,2,2,2,1,1,2,1,1,1,4,2,1,2,1,2,1,2,1,1,1,6,1,5,1,2,2,1,4,0,3,2,0,1,2,0,2,10,1,0,0
274,2,1,2,24,6,3,1,1,1,1,1,1,1,1,1,1,1,5,1,5,1,1,2,1,1,1,3,2,1,2,2,1,1,1,1,1,1,5,3,6,2,1,5,0,3,1,2,1,1,2,2,0,0,4,4,3,-3
276,2,1,1,24,5,3,1,3,2,1,2,5,1,1,1,2,1,3,2,3,1,2,2,1,2,1,4,2,1,2,1,2,1,1,1,2,1,6,2,6,3,3,4,0,3,1,2,2,0,2,1,1,0,3,3,5,-3
277,1,0,1,24,6,5,1,5,2,2,3,2,2,1,1,1,2,5,2,2,2,1,2,3,2,1,4,2,1,2,1,1,1,2,1,2,1,6,1,6,1,3,1,0,3,1,2,1,1,1,2,0,1,5,6,0,0
280,3,0,1,20,5,3,3,3,3,3,4,1,2,2,2,2,2,5,4,4,2,5,2,1,1,1,7,2,2,2,2,1,1,2,2,2,1,3,1,1,1,2,1,0,0,0,4,0,0,2,0,0,2,3,1,7,2
281,2,0,1,24,6,3,1,1,4,1,3,3,3,1,3,3,4,2,4,3,2,2,4,3,4,2,4,2,1,2,2,2,1,1,1,1,1,6,1,5,1,2,3,0,3,1,2,1,1,2,2,0,0,6,3,2,-3
285,3,0,2,27,6,4,3,4,4,3,4,4,4,4,4,4,4,4,4,4,4,1,2,2,4,2,2,2,1,1,2,1,1,1,1,1,1,5,2,5,2,1,1,0,3,1,2,1,1,1,2,0,1,5,3,3,2
288,2,0,1,22,6,4,2,3,4,2,1,3,3,2,2,3,1,4,2,2,3,2,2,2,3,1,2,2,1,1,1,1,1,2,1,1,1,3,2,4,1,2,4,0,4,0,2,2,0,1,2,0,1,4,5,2,-3
290,1,0,1,21,5,3,2,2,2,2,2,4,3,2,3,2,2,2,2,2,2,1,3,5,2,1,6,2,1,2,2,2,1,2,1,2,1,6,1,6,1,4,1,1,3,0,3,1,0,2,2,0,1,7,4,0,0
294,1,0,1,26,6,3,2,2,3,2,3,1,3,2,3,2,2,3,2,4,2,1,2,1,2,1,1,2,1,1,1,1,1,1,1,1,1,5,1,5,2,3,2,1,3,0,4,1,0,2,2,0,2,9,2,0,0
296,3,0,1,24,6,3,5,4,4,5,4,4,5,5,5,5,4,4,4,4,5,2,4,5,5,2,5,2,1,2,2,1,1,2,1,2,1,5,3,6,2,2,2,0,3,0,3,1,0,1,2,0,2,4,6,1,3
300,2,0,1,24,4,3,1,1,1,1,1,2,1,1,1,1,1,3,2,5,1,1,1,1,2,1,4,2,1,2,2,2,1,1,1,1,1,6,2,5,1,3,5,0,3,1,3,1,1,1,2,0,2,4,4,3,-3
301,1,0,1,26,6,3,1,2,2,2,3,2,2,2,2,2,2,2,4,2,2,1,2,1,2,1,4,2,1,2,2,2,1,1,1,1,1,6,2,6,2,4,2,1,3,0,4,1,0,2,2,0,2,9,2,0,0
302,3,0,1,51,4,4,1,3,5,4,5,5,5,4,4,5,3,5,5,2,5,3,3,2,3,1,3,2,1,2,2,1,1,1,1,1,1,5,2,4,2,1,1,1,3,1,3,1,1,2,2,0,1,3,2,6,3
304,2,0,1,31,6,3,1,2,2,2,1,4,3,1,3,3,1,5,5,5,1,2,1,1,2,1,4,2,1,2,2,2,1,1,1,1,1,2,1,1,1,1,5,1,2,1,3,1,1,2,1,0,1,3,2,6,-3
305,2,0,1,22,5,3,1,2,1,1,1,1,1,1,1,1,1,5,1,3,1,1,2,1,1,1,6,2,1,2,2,2,1,2,1,2,1,6,1,5,3,1,5,0,2,2,3,1,1,1,1,1,2,5,4,2,-3
307,1,0,1,33,6,4,2,5,5,2,4,4,3,3,3,3,2,5,3,5,2,2,3,4,2,2,2,2,1,2,1,1,1,1,1,1,1,4,4,3,3,2,3,0,3,1,4,1,1,2,2,0,2,8,3,0,0
311,3,0,1,26,5,5,2,4,4,3,5,3,3,3,4,3,1,5,5,2,2,3,2,2,3,4,4,2,1,1,2,2,1,1,1,2,1,5,2,4,4,1,1,0,2,2,3,0,2,2,2,0,1,1,1,9,3
312,1,0,1,27,6,4,1,5,3,1,5,2,1,1,1,1,1,2,2,4,1,1,5,1,1,1,3,2,1,2,1,2,1,1,1,1,1,4,1,7,1,4,1,1,3,1,2,1,1,1,2,0,1,3,4,4,1
314,2,0,1,20,5,3,1,2,1,2,1,1,1,1,1,2,1,3,2,4,2,2,2,2,1,1,4,2,1,2,1,1,1,2,1,2,1,7,1,5,2,3,4,0,4,0,3,2,0,1,2,0,2,7,4,0,-3
317,1,1,1,23,6,3,1,2,2,1,2,4,1,1,1,5,1,2,4,2,1,2,5,2,2,1,2,2,1,1,2,1,1,1,1,1,1,6,5,7,3,5,1,0,3,1,3,1,1,2,2,0,1,9,2,0,0
321,3,0,2,23,5,3,4,4,4,3,5,3,5,5,4,5,4,5,5,5,4,4,5,4,3,4,9,2,2,2,2,2,2,2,2,2,1,5,1,4,1,1,1,0,1,3,3,1,1,1,0,2,2,7,4,0,3
323,3,0,1,26,6,4,4,5,4,4,5,5,4,4,4,4,4,2,5,4,4,1,2,5,5,4,1,2,1,1,1,1,1,1,1,1,1,6,2,6,3,2,1,1,0,3,4,0,2,2,0,1,2,5,6,0,2
325,3,1,1,25,6,3,3,5,5,3,5,5,3,3,3,3,3,5,5,5,3,1,5,1,3,1,2,2,1,1,2,1,1,1,1,1,1,5,3,3,2,1,1,1,1,3,4,0,2,2,1,1,2,9,2,0,3
326,1,0,1,23,5,3,4,3,4,4,4,5,4,3,5,4,3,5,4,4,3,1,4,3,3,3,8,2,2,2,2,2,1,2,1,2,2,5,2,5,4,2,2,1,3,0,2,1,0,1,2,0,1,5,1,5,0
327,3,1,1,21,5,3,3,4,5,3,5,4,4,4,4,4,2,5,2,5,3,2,4,3,4,3,5,2,1,2,2,1,1,2,1,2,1,6,1,5,1,2,1,1,4,0,3,2,0,1,2,0,2,3,0,8,3
329,2,1,1,23,5,3,1,5,3,1,1,3,2,2,2,2,2,3,2,3,2,1,3,1,2,1,6,2,2,2,2,2,1,2,1,1,1,7,1,7,1,3,5,1,3,1,4,2,0,2,1,1,2,7,4,0,-3
332,2,1,1,30,6,3,1,1,1,1,1,4,2,1,2,4,1,5,5,5,2,3,3,2,2,1,4,2,1,2,2,1,1,1,1,1,2,5,1,6,1,1,5,1,2,0,4,0,0,2,2,0,2,2,0,9,-3
333,1,0,1,24,5,3,2,1,2,2,3,3,3,3,3,2,3,2,3,3,2,3,2,3,2,3,2,1,1,1,2,1,1,2,1,1,1,4,4,4,4,3,3,1,2,2,3,1,1,1,1,1,2,7,4,0,0
334,2,0,2,26,4,6,1,2,4,2,1,4,1,2,2,2,1,3,1,3,1,5,3,1,2,1,2,1,1,2,2,1,1,1,1,1,1,6,5,3,3,3,1,1,3,1,3,2,0,1,1,1,2,6,5,0,-3
335,3,0,1,21,5,3,3,5,5,4,5,5,5,4,4,5,4,4,4,1,4,4,2,2,4,5,2,2,1,1,2,1,1,1,1,1,1,3,1,4,2,1,1,1,2,0,3,1,0,1,1,0,2,4,0,7,3
337,2,0,1,25,6,3,3,3,3,3,3,3,3,3,3,3,3,3,3,3,3,3,3,3,3,3,3,2,1,2,1,1,1,1,1,2,1,3,1,5,1,3,3,0,0,1,3,0,1,1,0,0,2,5,6,0,-3
338,3,0,1,23,6,3,3,3,5,3,5,5,2,2,2,3,2,5,5,5,2,5,5,3,2,1,3,2,1,1,2,1,1,1,1,1,2,4,1,2,1,1,1,1,3,0,3,1,0,2,2,0,1,7,0,4,3
339,1,0,1,25,6,3,1,5,5,1,5,5,3,3,3,3,3,5,5,3,1,3,4,4,3,2,4,2,2,1,2,1,1,1,1,2,1,5,2,7,1,1,1,0,2,0,4,1,0,2,1,0,2,4,0,7,0
340,2,1,2,24,6,3,1,2,5,1,2,4,1,1,1,3,1,5,4,5,1,1,4,1,1,1,2,2,1,1,1,1,1,1,1,1,2,1,1,1,1,1,3,1,1,3,4,0,2,2,1,1,2,5,6,0,-3
342,1,1,1,24,6,3,2,2,2,2,2,1,2,1,1,2,1,3,2,4,2,1,3,1,1,1,5,2,1,2,2,2,1,2,1,1,1,6,1,5,1,4,4,1,4,0,2,2,0,1,2,0,1,10,1,0,0
343,2,0,2,21,5,3,1,3,2,1,2,4,4,1,2,4,2,5,2,4,1,2,2,2,2,1,3,2,1,1,2,1,1,1,1,1,2,6,3,6,3,1,5,0,1,0,4,0,0,2,1,0,2,4,2,5,-3
344,2,0,1,25,6,4,1,1,3,2,4,5,1,3,1,3,2,5,2,3,1,4,5,2,1,5,3,2,1,2,1,2,1,1,1,1,1,1,2,3,3,1,2,1,3,1,3,1,1,2,2,0,1,3,3,5,-3
345,3,1,1,25,6,3,5,1,5,5,5,5,5,2,5,4,1,5,5,5,3,1,5,5,5,2,5,2,1,2,2,2,1,1,1,2,1,5,1,4,1,1,1,1,4,0,3,2,0,2,2,0,1,10,1,0,3
347,2,1,2,26,6,3,1,2,1,1,1,1,1,1,1,1,1,2,1,2,1,1,2,1,1,1,4,2,2,2,2,1,1,1,1,1,1,5,1,4,1,3,4,0,3,1,3,1,1,2,2,0,1,6,3,2,-3
349,3,0,1,25,6,3,1,5,5,3,5,5,3,4,3,1,1,5,5,5,2,5,5,1,1,1,3,2,1,2,1,1,1,1,1,1,1,5,1,7,1,1,1,1,4,0,0,2,0,0,2,0,0,5,0,6,3
350,2,1,1,25,5,4,1,1,1,1,1,1,2,1,2,3,1,3,5,2,1,1,1,1,1,1,3,2,1,2,1,2,1,1,1,1,1,6,1,6,1,3,5,0,4,0,3,2,0,2,2,0,1,5,4,2,-3
355,3,1,1,23,5,3,1,1,1,2,5,2,4,2,3,1,1,5,3,4,1,1,3,1,2,1,4,2,1,2,2,1,1,2,1,1,1,5,1,5,1,1,1,1,3,1,3,1,1,2,2,0,1,10,1,0,3
357,3,0,1,23,6,3,3,4,4,3,4,3,3,3,3,3,2,4,4,4,2,2,5,2,3,2,4,2,1,2,2,2,1,1,1,1,1,6,1,5,2,2,1,0,4,0,4,2,0,2,2,0,2,5,0,6,2
358,2,0,3,33,6,4,1,5,3,1,1,5,5,1,5,5,1,5,5,5,3,1,5,5,5,1,2,1,1,1,1,2,1,1,1,1,1,2,2,4,1,1,5,1,4,0,1,2,0,0,2,0,1,4,0,7,-3
360,3,0,1,20,5,3,4,1,5,5,5,5,4,5,5,5,4,5,4,2,4,3,4,3,5,3,3,1,1,1,1,2,1,2,1,2,1,7,1,6,3,1,1,0,4,0,3,2,0,2,2,0,1,6,0,5,3
361,2,1,2,22,6,3,1,2,1,2,2,2,1,2,1,1,1,2,3,4,2,2,2,1,2,1,5,2,1,2,2,1,1,2,1,2,1,4,2,7,2,2,3,1,1,2,3,0,1,2,1,1,1,3,2,6,-3
362,1,0,1,55,2,6,2,2,3,3,3,2,3,2,2,2,2,3,3,4,4,2,4,2,2,1,1,2,1,1,1,1,1,1,1,1,1,7,1,4,4,1,2,1,3,0,3,2,0,1,1,0,2,6,4,1,0
365,2,0,2,24,6,3,1,1,1,1,1,3,2,1,4,5,3,1,3,1,1,1,1,1,3,1,3,2,1,2,2,1,1,1,1,1,1,5,4,7,1,3,5,0,3,1,3,2,0,1,1,1,2,4,3,4,-3
366,3,0,2,37,6,4,3,3,4,4,4,3,4,4,4,4,3,4,4,4,3,3,3,2,3,2,3,2,1,2,2,1,1,1,1,1,1,2,2,5,2,1,2,1,1,1,3,1,1,1,0,0,2,3,0,8,3
373,3,0,2,24,5,3,2,3,3,2,5,2,2,4,4,4,1,4,4,5,4,1,5,2,3,2,4,2,1,2,2,1,1,1,1,2,1,1,1,3,1,1,2,1,3,1,3,1,1,1,2,0,2,6,2,3,3
374,2,1,1,23,6,3,1,1,1,1,1,2,1,1,1,1,1,4,2,4,1,2,4,1,2,2,4,2,2,1,2,1,1,1,1,1,2,3,1,2,1,2,5,0,2,0,3,0,0,2,2,0,1,7,4,0,-3
375,1,0,1,22,5,3,2,2,2,1,4,3,3,1,2,2,1,2,3,2,1,5,2,1,1,1,7,2,2,2,2,2,1,2,1,2,1,4,1,6,1,4,1,0,4,0,4,2,0,2,2,0,2,8,1,2,0
376,2,0,1,26,5,3,1,2,2,1,1,2,2,1,1,1,1,4,2,4,1,1,2,1,1,1,3,2,1,1,2,1,1,1,1,2,1,5,4,5,3,2,5,0,3,1,1,1,1,1,2,0,0,4,5,2,-3
378,3,0,1,24,5,3,4,3,5,4,5,5,3,3,3,3,3,5,5,5,2,3,5,3,3,1,4,2,1,2,1,2,1,1,1,2,1,6,1,6,1,1,1,1,4,0,3,2,0,2,2,0,1,6,0,5,3
380,2,1,1,28,6,3,1,5,5,1,1,4,2,1,3,4,2,5,5,5,1,1,4,1,3,1,2,2,1,1,2,1,1,1,1,1,1,6,1,6,2,1,1,0,4,0,3,2,0,1,2,0,2,6,1,4,-3
382,3,0,2,25,6,3,3,3,5,3,4,5,4,4,4,4,2,5,4,3,4,2,4,2,4,3,3,2,1,1,2,1,1,1,1,2,1,3,2,5,2,1,1,0,0,4,3,0,2,2,0,2,1,4,3,4,3
383,2,0,1,50,3,4,2,4,3,2,4,3,3,2,2,3,2,4,4,4,2,2,4,2,2,1,1,2,1,1,1,1,1,1,1,1,1,6,1,5,1,2,4,0,1,0,4,0,0,2,1,0,2,2,2,7,-2
385,2,0,1,26,6,3,2,2,4,2,4,4,2,2,2,2,2,2,2,4,2,4,2,2,2,2,3,2,1,2,2,1,1,1,1,1,1,6,2,6,2,2,4,1,4,0,3,2,0,1,2,0,2,7,3,1,-2
386,1,0,1,25,6,3,2,3,1,2,2,1,1,1,2,2,2,2,1,1,2,1,1,1,1,1,4,2,1,2,1,1,1,2,1,2,1,5,2,5,1,5,4,1,2,2,4,0,2,2,2,0,2,9,2,0,0
388,2,1,1,20,5,3,2,3,3,2,2,2,2,1,2,2,3,4,4,4,2,5,2,2,2,2,3,1,1,2,1,2,1,2,1,1,1,5,1,5,2,2,4,1,3,1,3,1,1,2,2,0,1,7,4,0,-3
396,2,1,1,24,5,3,3,2,1,2,1,2,1,1,1,1,1,3,5,5,2,2,3,1,1,3,6,2,2,2,2,2,1,1,1,2,1,5,1,5,2,2,5,1,4,0,4,2,0,2,2,0,2,7,0,4,-3
397,3,0,1,24,6,3,5,5,5,5,5,5,5,5,5,4,3,1,5,5,4,4,4,5,3,3,6,2,2,2,2,2,1,2,1,1,1,6,1,6,1,1,1,0,3,1,1,1,1,1,2,0,0,6,1,4,3
398,1,0,1,21,5,3,1,2,3,1,3,3,3,2,3,3,2,2,3,3,2,2,4,4,3,1,2,2,1,1,1,1,1,2,1,1,1,5,1,5,1,3,1,0,3,1,3,1,1,2,2,0,1,4,0,7,0
399,3,0,1,22,5,3,4,4,4,3,5,5,5,4,4,4,3,5,5,4,4,2,2,2,3,2,4,2,2,2,2,1,1,1,1,1,1,5,3,5,2,1,1,1,2,0,2,1,0,2,1,0,0,4,4,3,3
402,1,1,2,25,6,4,2,2,4,2,4,2,3,2,2,2,2,4,4,2,2,2,5,3,2,2,1,1,1,2,1,1,1,1,1,1,1,5,1,5,2,2,2,1,4,0,4,2,0,2,2,0,2,2,0,9,0
404,3,1,2,26,4,3,4,3,5,4,4,3,5,4,4,4,4,5,4,3,4,4,5,4,5,4,1,1,1,1,2,1,1,1,1,1,1,3,4,4,2,1,1,1,1,0,4,1,0,2,0,0,2,1,0,10,3
406,3,1,2,24,5,3,4,4,4,4,5,3,4,5,4,4,5,2,4,4,3,5,3,4,4,4,8,2,2,2,2,2,1,2,1,2,2,6,3,5,1,1,1,1,4,0,2,2,0,1,2,0,1,9,1,1,3
407,3,1,2,15,1,1,4,2,5,3,5,5,5,4,4,3,1,4,5,4,4,1,3,1,4,1,4,1,1,2,2,1,1,2,1,1,2,2,3,7,1,1,3,0,3,1,3,1,1,2,2,0,1,4,7,0,3
410,1,0,2,14,1,1,2,2,2,2,2,2,2,2,2,3,2,2,2,2,2,2,4,2,2,2,2,1,1,2,2,1,1,1,1,1,1,4,1,3,2,4,4,1,4,0,3,2,0,1,2,0,2,8,3,0,-2
412,2,1,2,19,5,5,2,4,1,1,1,3,1,1,1,2,1,4,3,5,1,2,2,2,1,2,3,1,1,1,2,1,1,1,1,1,2,5,2,5,4,1,5,0,1,3,3,0,2,1,1,1,2,3,2,6,-3
413,2,0,2,19,5,6,2,3,2,2,2,4,3,2,3,1,2,3,1,3,1,1,2,1,1,2,3,1,2,1,2,1,1,1,1,1,2,6,2,6,2,2,2,1,3,0,4,1,0,2,2,0,2,2,0,9,-3
416,2,0,2,24,6,2,2,2,2,2,2,5,3,1,3,5,3,5,5,2,3,1,5,3,3,3,4,1,2,2,2,1,1,1,1,1,2,6,2,3,1,2,1,1,3,0,4,1,0,2,2,0,2,6,0,5,-3
420,3,0,2,18,5,1,5,5,5,4,5,5,5,5,5,5,5,5,5,5,5,4,4,3,5,2,1,1,1,1,2,1,1,1,1,1,1,7,2,7,1,1,1,0,4,0,3,2,0,1,2,0,2,9,2,0,3
421,3,0,2,18,3,1,4,5,5,4,5,4,4,4,4,4,2,5,5,5,2,1,2,2,4,4,2,1,2,1,2,1,1,1,1,1,1,3,2,5,2,1,1,1,2,0,4,0,0,2,2,0,2,9,1,1,3
423,1,1,3,20,4,6,1,2,2,2,1,4,1,1,1,1,2,5,3,2,1,3,4,3,2,2,5,2,2,2,2,1,1,1,1,1,2,5,5,3,5,1,2,1,4,0,4,2,0,2,2,0,2,8,3,0,0
425,1,0,1,18,5,1,2,1,4,1,2,2,2,2,2,2,1,2,3,2,1,1,4,1,1,2,2,1,1,2,2,1,1,1,1,1,1,5,2,6,1,3,3,1,4,0,3,2,0,1,2,0,2,9,2,0,0
426,1,1,2,28,6,6,2,3,4,2,4,4,2,2,2,4,3,4,4,4,2,1,4,4,2,1,2,2,1,1,2,1,1,1,1,1,1,5,2,5,3,3,1,1,4,0,3,2,0,2,2,0,1,6,0,5,0
427,3,0,2,19,4,2,5,4,5,3,5,4,4,4,5,4,4,5,5,5,4,3,3,4,1,5,5,1,1,2,2,1,1,2,1,1,2,2,6,5,4,1,1,0,3,0,4,1,0,2,2,0,2,7,2,2,3
429,2,0,2,17,3,1,2,3,4,1,5,5,3,1,2,4,1,3,2,5,1,2,5,2,1,1,3,1,1,1,2,1,1,1,1,1,2,6,2,6,2,5,2,1,2,0,4,0,0,2,2,0,2,7,0,4,-3
431,1,1,2,19,5,3,3,3,2,2,4,3,4,3,4,3,2,3,4,2,2,2,4,1,4,3,1,1,1,1,2,1,1,1,1,1,1,6,3,4,4,4,2,1,3,1,4,2,0,2,1,1,2,7,1,3,0
439,3,0,2,18,5,1,4,5,4,4,5,4,4,4,4,4,4,4,5,3,4,2,2,2,2,2,6,2,2,2,2,1,1,2,1,1,2,4,2,3,2,1,1,0,1,1,3,0,1,2,1,0,1,8,3,0,3
444,2,1,2,21,5,3,1,1,1,1,1,2,2,1,3,4,2,4,2,2,2,3,3,2,3,2,2,2,1,1,2,1,1,1,1,1,1,4,2,1,1,5,5,0,4,0,3,2,0,2,2,0,1,7,2,2,-3
445,2,1,1,21,4,2,1,3,1,1,1,4,1,1,1,1,1,3,1,3,2,1,3,1,1,1,3,1,1,2,2,1,1,2,1,1,1,7,3,6,2,3,5,1,3,1,4,1,1,2,2,0,2,6,5,0,-3
449,1,0,2,17,4,1,4,2,4,3,3,5,3,3,3,3,2,4,2,3,2,2,2,1,3,1,2,1,1,2,2,1,1,1,1,1,1,5,1,5,1,4,3,1,4,0,4,2,0,2,2,0,2,4,7,0,0
450,2,0,2,18,7,1,2,2,5,1,5,5,4,1,4,4,1,3,5,5,1,2,5,1,5,2,4,1,2,2,2,1,1,2,1,1,1,4,3,6,1,1,2,0,1,3,4,0,2,2,1,1,2,4,4,3,-3
451,3,0,1,19,5,3,2,2,1,2,3,1,2,2,2,1,1,2,5,4,1,2,3,1,1,1,4,1,1,2,2,2,1,1,1,2,1,3,2,5,4,4,1,1,0,2,4,0,1,2,0,1,2,6,1,4,2
453,2,0,1,20,5,3,1,2,1,1,1,2,1,1,1,2,2,5,2,4,2,1,3,2,1,2,6,2,1,2,2,2,1,1,1,2,2,4,3,3,4,3,5,0,2,0,3,1,0,1,1,0,2,3,0,8,-3
454,1,0,2,21,5,3,2,3,3,2,4,3,3,3,3,3,1,2,2,2,2,3,4,2,3,2,2,1,1,1,2,1,2,1,1,1,1,3,1,3,2,3,2,1,3,1,3,1,1,1,2,0,2,7,3,1,0
455,1,0,2,34,4,6,2,4,4,2,4,4,3,1,1,1,3,3,4,4,1,1,3,3,2,2,2,1,1,1,2,1,1,1,1,1,1,4,4,3,3,2,1,0,2,1,2,1,1,1,1,0,1,9,2,0,1
457,1,0,1,20,5,3,3,2,4,3,4,2,2,2,2,2,2,3,3,3,1,2,2,1,2,2,2,1,1,2,2,1,1,1,1,1,1,7,1,5,1,3,4,1,2,1,2,1,1,1,1,0,1,3,0,8,0
458,2,0,1,17,5,3,2,2,1,2,2,4,2,1,2,3,3,4,2,4,2,2,4,2,1,2,4,1,2,2,2,2,1,1,1,1,1,6,2,4,2,2,4,0,3,1,3,1,1,2,2,0,1,7,4,0,-3
459,1,0,2,21,5,3,2,2,4,3,3,3,3,2,2,2,4,3,4,2,4,1,3,3,2,1,6,1,2,2,2,1,1,2,1,2,2,5,2,5,2,4,2,0,2,2,4,0,2,2,2,0,2,2,1,8,-1
460,2,0,2,17,5,1,1,2,5,1,1,3,2,1,1,2,1,3,4,2,1,4,2,2,2,1,2,1,1,1,2,1,1,1,1,1,2,5,2,1,7,2,2,1,0,0,4,0,0,2,0,0,2,5,1,5,-3
464,1,0,2,18,5,5,3,2,3,3,3,4,4,2,4,3,4,2,4,3,4,2,4,4,3,4,3,1,2,2,2,1,1,1,1,1,1,6,3,2,2,5,2,0,1,1,3,0,1,2,1,0,1,6,1,4,0
465,3,1,1,29,3,4,3,4,4,3,5,2,3,4,3,3,2,4,3,4,2,2,4,2,3,4,3,1,2,2,2,1,1,1,1,1,1,5,2,4,2,1,1,1,0,0,4,0,0,2,0,0,2,3,1,7,3
467,3,0,1,17,5,5,4,1,4,4,5,4,2,3,4,2,1,3,3,3,2,1,4,2,1,1,3,1,1,2,2,2,1,1,1,1,1,2,1,6,2,2,1,0,3,1,1,2,0,0,1,1,1,10,1,0,1
468,3,0,2,NA,5,3,5,5,5,5,5,5,5,5,5,5,5,5,5,5,5,5,5,5,5,5,5,1,2,2,2,1,1,2,1,1,2,7,7,7,1,1,1,1,3,1,4,1,1,2,2,0,2,5,4,2,3
469,2,0,2,19,3,2,2,4,3,3,4,5,5,1,5,5,4,5,5,2,2,1,4,1,5,1,4,1,1,2,2,1,1,2,1,1,1,5,3,6,2,2,4,0,3,0,3,1,0,1,2,0,2,6,1,4,-3
471,1,1,2,20,5,2,1,1,5,1,4,2,4,1,5,4,2,5,5,1,1,1,5,3,2,1,4,1,2,1,2,1,1,2,1,1,2,2,2,1,1,3,1,0,0,0,4,0,0,2,0,0,2,7,4,0,0
473,1,0,2,20,4,2,2,4,2,2,2,4,3,2,2,3,2,3,2,2,2,2,3,3,2,4,5,2,1,2,2,1,1,2,1,1,1,5,4,4,4,2,2,1,2,2,3,1,1,2,1,1,1,6,2,3,0
474,3,0,2,22,5,3,1,3,5,3,5,5,5,3,5,5,5,5,5,5,3,1,5,1,2,5,3,1,1,2,2,1,1,1,1,1,2,4,4,2,2,1,1,1,3,1,2,1,1,1,2,0,1,6,2,3,3
476,2,1,2,20,3,3,1,3,2,5,1,5,4,1,3,4,1,5,5,5,3,1,4,1,4,1,4,1,1,2,2,1,1,2,1,1,1,4,2,5,2,1,5,1,2,0,3,1,0,2,1,0,1,2,0,9,-3
480,2,1,2,19,4,1,4,3,4,3,4,5,3,2,3,3,3,5,5,3,3,5,4,4,2,4,4,1,1,2,2,1,1,1,1,2,2,4,2,5,2,1,2,0,4,0,3,2,0,1,2,0,2,5,4,2,-3
484,1,1,2,22,5,3,1,4,5,1,4,4,2,3,3,2,1,4,3,2,2,1,4,4,2,1,5,2,1,2,2,1,1,2,1,2,1,5,1,6,1,2,1,1,3,1,3,1,1,2,2,0,1,11,0,0,0
489,2,0,1,23,5,3,1,1,1,1,1,1,1,1,1,1,1,1,1,1,1,1,1,1,1,1,3,1,1,2,2,1,1,1,1,1,2,5,2,5,3,5,5,0,3,1,4,1,1,2,2,0,2,11,0,0,-3
491,1,0,1,24,5,3,3,1,2,3,4,4,4,3,3,3,5,3,4,4,3,3,5,3,4,1,5,2,2,2,2,1,1,1,1,2,1,3,1,4,1,2,1,0,4,0,4,2,0,2,2,0,2,7,4,0,0
493,3,1,2,23,5,3,4,4,5,4,5,2,4,5,4,2,4,5,5,5,5,4,4,4,3,3,4,2,1,1,2,1,1,1,1,2,2,5,1,6,3,1,1,1,2,1,3,1,1,1,1,0,2,4,2,5,3
496,3,0,2,21,5,3,4,3,3,4,4,5,3,3,3,4,5,4,4,4,3,3,4,3,3,2,4,1,1,1,2,1,1,1,1,2,2,3,1,4,3,2,2,1,2,2,2,0,2,1,2,0,1,8,3,0,2
497,2,0,2,18,3,2,2,3,2,2,2,1,3,1,2,1,2,2,2,2,2,3,3,2,1,2,3,1,2,1,2,1,1,1,2,1,1,6,1,1,1,3,2,1,2,2,4,1,1,2,1,1,2,6,1,4,-3
499,3,0,2,21,3,4,5,5,5,5,5,5,4,4,4,4,4,5,5,5,4,5,3,3,4,4,4,2,1,2,2,1,1,1,1,1,2,3,1,2,4,1,1,1,2,2,3,1,1,2,1,1,1,7,0,4,3
501,1,0,2,20,5,2,3,1,1,1,5,5,5,1,4,3,1,4,4,2,1,5,5,1,2,1,4,1,1,2,2,1,1,2,1,1,2,7,1,7,1,3,1,1,4,0,3,2,0,1,2,0,2,11,0,0,0
502,2,0,2,25,4,3,1,2,1,1,2,2,2,2,2,2,1,3,2,1,2,3,2,2,2,1,4,1,1,2,2,1,1,1,1,1,2,3,2,5,2,2,5,0,2,0,4,2,0,2,0,0,2,5,0,6,-2
505,2,1,2,20,3,1,2,2,2,2,2,3,3,1,3,3,3,5,4,3,2,2,5,2,3,1,4,1,1,2,2,1,1,2,1,1,2,3,2,5,3,1,2,1,0,1,4,0,1,2,0,0,2,5,1,5,-3
507,3,1,2,22,5,2,3,5,5,3,5,5,4,4,5,5,3,5,5,5,4,3,5,4,3,2,4,2,2,1,2,1,1,2,1,1,1,5,2,6,2,1,1,1,4,0,0,2,0,0,2,0,0,5,0,6,3
511,3,0,2,16,3,1,4,4,4,4,5,2,5,3,5,4,3,4,5,5,2,3,3,3,4,4,3,1,1,2,2,1,1,1,1,1,1,5,3,4,4,1,1,0,3,0,1,2,0,1,1,0,0,6,1,4,2
513,3,0,2,20,5,5,4,1,4,2,5,3,3,3,4,3,2,5,3,4,2,1,5,3,3,2,1,1,1,1,2,1,1,1,1,1,1,6,3,6,4,2,1,1,4,0,4,2,0,2,2,0,2,6,0,5,2
514,2,0,2,15,2,1,2,3,1,1,1,2,2,1,2,3,1,2,1,3,1,3,1,1,2,2,4,1,2,2,2,1,1,1,1,1,1,5,5,2,2,4,4,0,2,2,4,1,1,2,1,1,2,2,9,0,-3
515,2,1,2,19,5,3,1,1,2,2,1,2,1,1,2,1,1,5,2,5,2,1,4,2,1,2,2,1,1,1,2,1,1,1,1,2,1,4,1,1,1,4,5,1,3,1,3,1,1,1,2,0,2,8,3,0,-3
516,2,1,2,18,5,5,1,3,4,2,1,3,2,1,2,4,3,2,5,4,3,2,4,3,2,3,3,1,1,2,2,1,1,2,1,1,1,5,1,5,1,3,3,1,2,2,4,0,2,2,2,0,2,5,2,4,-3
519,3,0,2,20,5,3,4,5,5,3,5,3,4,3,4,5,3,5,5,5,3,1,4,4,3,2,1,1,1,1,2,1,1,1,1,1,1,5,2,6,1,1,1,0,4,0,4,2,0,2,2,0,2,11,0,0,2
520,1,1,2,21,5,6,4,2,4,2,4,3,3,2,4,4,4,2,2,2,4,3,4,1,2,2,3,1,1,1,2,2,1,1,1,1,2,5,3,4,2,2,3,1,3,1,4,1,1,2,2,0,2,9,2,0,0
521,1,1,1,19,5,6,1,3,1,2,3,5,3,2,4,5,3,5,1,2,1,3,5,2,1,1,4,1,1,2,2,2,1,1,1,1,1,4,2,7,2,4,1,1,2,2,4,1,1,2,1,1,2,3,8,0,0
524,1,1,1,25,6,6,2,2,2,1,2,2,3,2,2,2,2,2,2,2,2,2,3,3,2,2,2,1,1,2,2,1,1,1,1,1,1,6,2,5,1,4,4,1,4,0,4,2,0,2,2,0,2,4,0,7,0
525,2,0,2,18,4,1,1,2,5,1,2,4,2,1,2,2,1,5,5,4,1,4,5,4,1,4,1,1,1,1,2,1,1,1,1,1,1,1,1,1,2,1,5,0,4,0,4,2,0,2,2,0,2,7,1,3,-3
527,1,0,2,25,5,3,2,2,4,2,3,4,4,2,3,3,2,2,3,2,1,2,3,3,2,2,2,2,1,1,2,1,1,1,1,1,1,6,2,6,1,3,3,1,4,0,3,2,0,1,2,0,2,8,3,0,1
529,2,1,1,22,5,3,3,4,2,2,2,2,2,2,2,2,3,4,5,4,1,2,5,3,2,3,2,2,1,1,2,1,1,1,1,1,1,5,1,3,2,1,3,0,4,0,4,2,0,2,2,0,2,9,0,2,-3
534,1,1,2,17,5,1,3,4,2,3,4,5,4,2,4,3,3,5,5,2,4,4,3,3,2,4,4,1,2,2,2,1,1,2,1,1,1,6,2,2,1,1,1,1,4,0,3,2,0,2,2,0,1,10,1,0,-1
536,3,0,1,18,5,5,3,5,5,4,5,5,5,4,5,5,2,5,5,5,2,4,5,2,2,4,1,1,1,1,2,1,1,1,1,1,1,6,2,5,1,1,1,1,4,0,4,2,0,2,2,0,2,11,0,0,3
539,1,0,1,21,5,3,1,5,2,1,5,5,3,1,3,1,1,2,5,5,1,5,5,1,1,1,1,1,1,1,2,1,1,1,1,1,1,5,2,1,1,1,1,1,0,0,4,0,0,2,0,0,2,9,2,0,0
540,3,1,2,16,3,1,4,5,5,4,5,5,4,5,5,5,5,5,5,2,1,4,3,5,4,4,5,1,1,2,2,1,1,2,1,1,2,6,3,5,2,2,1,0,4,0,3,2,0,2,2,0,1,10,1,0,3
547,2,1,2,23,5,3,2,3,3,2,2,3,3,1,3,3,2,3,2,3,2,2,3,2,2,2,2,2,1,1,2,1,1,1,1,1,1,2,1,3,1,3,3,1,2,0,4,1,0,2,1,0,2,1,1,9,-3
549,2,0,1,14,1,1,1,2,3,2,2,2,2,1,2,1,3,3,3,4,2,2,3,2,1,1,3,1,1,2,2,1,1,2,1,1,1,6,2,1,7,2,4,1,2,2,2,1,1,1,1,1,1,5,4,2,-1
550,3,0,2,22,5,3,1,3,5,1,5,4,3,3,3,4,2,4,5,3,2,1,4,1,2,1,4,2,1,1,2,1,1,2,1,2,1,1,1,1,1,3,1,0,2,2,1,0,2,0,2,0,1,7,4,0,3
552,2,1,2,21,5,3,1,2,3,1,1,4,3,1,1,5,1,3,4,5,1,4,1,2,3,2,4,2,2,1,2,1,1,2,1,1,1,2,2,2,2,1,5,1,4,0,0,2,0,0,2,0,0,10,0,1,-2
553,3,0,2,22,5,2,3,3,5,3,4,3,3,4,4,5,3,4,4,4,3,2,4,3,4,3,3,1,1,1,2,1,1,1,1,2,2,4,4,4,4,2,1,0,2,2,3,0,2,2,2,0,1,3,6,2,2
554,1,0,2,20,5,3,2,4,5,3,4,4,4,3,4,4,4,4,5,4,3,4,4,4,3,4,3,1,1,2,2,1,1,2,1,1,1,5,2,5,2,2,1,1,2,2,4,1,1,2,1,1,2,5,5,1,1
555,2,1,2,19,5,3,2,4,1,2,1,3,3,1,3,4,4,3,3,3,2,2,2,3,4,2,1,1,1,1,2,1,1,1,1,1,1,1,1,2,2,1,5,1,2,1,3,1,0,1,1,1,2,3,4,4,-3
556,3,0,2,22,7,5,2,2,5,3,5,5,4,5,5,4,3,4,5,5,3,2,5,4,5,1,2,1,1,1,2,1,1,1,1,1,1,2,2,3,3,2,2,1,2,2,3,0,2,1,2,0,2,5,6,0,3
557,1,0,2,16,3,1,1,3,3,1,3,3,2,2,2,2,1,3,2,4,1,1,2,1,2,1,5,1,1,2,2,1,1,2,1,2,2,5,2,4,1,3,2,1,2,2,2,0,2,2,2,0,0,6,5,0,0
558,2,0,2,22,5,3,2,1,2,1,3,5,4,2,4,4,1,5,5,5,1,2,4,2,1,2,4,2,1,1,2,1,1,2,1,2,1,5,2,5,3,1,1,1,4,0,4,2,0,2,2,0,2,5,0,6,-3
559,1,0,2,21,5,3,4,3,5,3,3,5,3,3,3,4,3,3,3,5,3,1,3,1,3,2,7,2,2,2,2,1,1,2,1,2,2,6,2,6,1,3,3,1,4,0,4,2,0,2,2,0,2,8,2,1,0
560,3,0,2,15,1,1,4,1,5,1,3,5,4,1,5,1,3,5,4,4,3,1,2,2,1,2,2,1,1,1,2,1,1,1,1,1,1,6,1,5,1,2,1,0,3,1,3,1,1,1,2,0,2,9,2,0,1
562,1,1,2,18,5,1,2,3,4,2,5,2,3,1,2,2,1,2,4,3,1,2,5,4,2,5,2,1,1,1,2,1,1,2,1,1,1,3,1,1,1,5,4,0,4,0,4,2,0,2,2,0,2,9,1,1,0
563,3,0,2,15,2,1,4,5,5,4,5,5,3,3,4,4,4,5,5,5,3,3,3,2,3,5,5,2,2,2,2,1,1,2,1,1,1,4,1,4,1,1,3,0,4,0,4,2,0,2,2,0,2,3,0,8,3
567,3,0,1,18,5,3,3,5,4,3,5,1,1,2,1,1,2,4,2,4,3,2,1,1,1,1,3,1,1,2,2,2,1,1,1,1,1,7,1,5,2,2,2,1,4,0,3,2,0,2,2,0,1,7,0,4,3
568,2,0,2,20,5,5,1,1,1,1,1,3,1,1,1,1,1,3,2,3,1,2,3,3,2,1,2,2,1,1,2,1,1,1,1,1,1,6,3,4,4,1,5,0,4,0,4,2,0,2,2,0,2,1,1,9,-3
570,3,0,1,15,3,1,2,4,5,3,5,3,3,5,4,4,2,5,2,5,4,5,5,2,3,2,4,1,1,2,2,2,1,2,1,1,1,4,2,7,1,1,1,1,3,1,4,2,0,2,1,1,2,7,3,1,3
571,1,0,2,22,3,1,3,4,3,2,3,4,3,3,3,3,3,2,3,1,1,2,4,4,2,2,3,1,2,2,2,1,1,1,1,1,1,5,3,5,5,3,3,0,2,1,2,1,0,1,1,1,1,6,3,2,0
572,1,0,2,25,5,3,1,1,2,1,2,2,1,1,1,1,1,1,2,2,1,2,5,1,1,2,2,2,1,1,2,1,1,1,1,1,1,4,4,4,4,4,4,1,4,0,4,2,0,2,2,0,2,7,0,4,0
573,3,1,2,16,3,1,5,2,4,3,4,4,4,5,4,4,2,2,4,4,4,4,3,4,4,4,2,1,2,1,2,1,1,1,1,1,1,4,2,5,1,2,4,0,4,0,3,2,0,1,2,0,2,6,2,3,3
574,2,1,2,17,3,2,1,3,1,2,1,2,1,1,2,4,2,4,4,4,3,2,3,3,2,1,1,1,1,1,2,1,1,1,1,1,1,6,2,3,3,2,5,1,2,0,4,1,0,2,1,0,2,0,0,11,-3
575,2,0,2,20,5,3,1,2,5,2,2,2,2,1,1,2,1,4,5,4,2,4,4,3,1,4,6,1,2,2,2,1,1,2,1,2,2,5,1,5,3,1,2,1,3,0,4,1,0,2,2,0,2,6,3,2,-3
577,3,0,1,15,2,1,4,5,5,4,5,2,4,4,4,4,5,5,5,5,3,4,3,4,3,2,5,1,1,2,2,2,1,2,1,2,1,5,3,5,1,1,1,1,1,2,4,0,1,2,1,1,2,10,1,0,2
578,1,0,2,16,3,1,2,2,3,2,4,4,2,2,2,3,2,3,3,2,2,1,4,2,2,2,7,1,2,2,2,1,1,2,1,2,2,5,2,3,5,3,2,0,2,2,4,1,1,2,1,1,2,5,6,0,-1
580,1,1,2,17,3,1,2,3,3,2,4,3,3,1,4,3,1,4,4,4,1,2,3,5,3,1,5,1,2,2,2,1,1,2,1,1,2,6,3,5,3,4,2,1,3,0,3,1,0,1,2,0,2,7,0,4,1
584,1,1,2,21,5,2,1,1,5,1,5,4,3,3,3,4,1,4,5,2,1,1,5,1,3,1,2,1,1,1,2,1,1,1,1,1,2,1,1,1,1,2,1,0,1,0,3,1,0,1,0,0,2,10,1,0,0
588,1,1,2,22,4,2,1,1,2,1,3,2,2,2,3,2,3,2,2,4,4,2,5,3,2,1,2,1,1,1,2,1,1,1,1,1,2,2,1,1,1,4,4,0,4,0,4,2,0,2,2,0,2,5,1,5,0
589,1,0,2,45,6,4,2,2,4,2,4,3,2,2,2,2,2,4,3,4,2,2,4,1,2,1,3,2,1,2,2,1,1,1,1,1,1,5,2,6,2,2,1,1,3,1,3,1,1,2,2,0,1,9,2,0,0
593,2,1,2,19,5,3,1,1,2,1,5,3,3,1,3,3,5,5,5,5,1,1,2,1,1,1,5,2,1,2,2,1,1,2,2,1,1,5,4,5,1,1,5,0,3,1,3,1,1,2,2,0,1,3,4,4,-3
594,3,0,2,17,3,1,4,4,4,4,4,3,4,4,2,4,4,4,4,4,3,1,4,1,4,1,3,1,1,2,2,1,1,2,1,1,1,5,2,1,1,2,2,1,4,0,3,2,0,2,2,0,1,8,3,0,3
595,1,1,2,20,5,3,2,2,3,2,2,3,2,2,2,2,2,2,2,2,2,1,4,1,2,2,2,1,2,1,2,1,1,1,1,1,1,2,1,4,1,5,3,0,3,1,2,1,1,1,2,0,1,5,2,4,0
597,1,1,2,18,2,1,2,2,4,1,4,2,2,1,2,4,4,5,4,5,1,1,3,2,2,1,5,1,2,2,2,1,1,2,1,1,2,5,2,3,1,4,1,0,3,1,2,1,1,1,2,0,1,9,2,0,0
600,1,0,2,23,6,3,1,2,1,1,2,3,2,1,3,5,3,1,3,1,1,3,3,2,4,2,2,1,2,1,2,1,1,1,1,1,1,6,2,1,1,5,3,1,2,0,4,1,0,2,1,0,2,8,1,2,0
601,2,1,2,15,1,1,2,3,1,3,2,3,2,2,3,3,2,2,2,4,2,1,2,2,2,1,3,1,2,2,2,1,1,1,1,1,1,7,1,5,3,4,4,1,2,2,3,0,2,2,2,0,1,4,6,1,-3
606,3,1,2,22,7,5,3,4,5,3,4,4,5,5,4,4,2,4,4,5,3,1,4,2,4,2,1,1,1,1,2,1,1,1,1,1,1,3,1,2,1,2,1,1,4,0,3,2,0,1,2,0,2,5,4,2,3
607,1,0,2,18,4,2,1,5,3,1,4,5,3,1,4,3,1,2,1,2,2,5,5,1,2,3,4,1,1,2,2,1,1,2,1,1,1,6,1,4,1,5,1,0,3,1,4,1,1,2,2,0,2,8,1,2,0
611,2,0,2,20,5,3,1,3,2,1,1,2,2,2,2,4,2,3,4,4,2,1,2,4,2,1,2,1,1,1,2,1,1,1,1,1,1,6,2,1,1,1,5,0,2,2,3,2,0,1,0,2,2,6,5,0,-3
614,2,0,2,18,5,1,1,2,1,1,1,2,1,1,1,2,2,3,2,4,2,4,1,3,2,3,1,1,1,1,2,1,1,1,1,1,1,6,4,1,1,3,4,1,4,0,3,2,0,1,2,0,2,4,7,0,-3
615,2,0,1,18,5,2,1,1,2,1,1,1,1,1,1,2,1,1,2,3,1,1,2,1,1,1,4,2,1,2,2,2,1,1,1,1,1,6,1,7,1,3,5,1,2,1,3,1,1,1,1,0,2,3,2,6,-3
617,3,1,2,33,3,6,3,4,5,4,5,3,2,4,4,3,4,4,5,4,3,4,5,2,3,3,3,1,2,1,2,1,1,1,1,1,1,5,5,4,4,1,2,0,1,1,3,0,1,1,1,0,2,6,5,0,3
621,2,0,2,19,5,3,1,1,1,1,1,1,1,1,1,1,1,1,1,5,1,1,1,1,1,1,1,1,1,1,2,1,1,1,1,1,1,4,4,2,1,5,5,1,1,3,4,0,2,2,1,1,2,6,5,0,-3
622,2,1,2,21,5,3,1,2,2,1,1,2,1,1,1,1,1,3,2,3,1,2,2,3,2,1,2,1,2,1,2,1,1,1,1,1,1,5,1,5,1,4,5,1,2,1,4,1,1,2,1,0,2,4,5,2,-3
624,1,1,2,30,3,4,4,4,5,4,5,5,5,3,5,4,3,5,5,4,3,1,3,2,4,2,2,2,1,1,2,1,1,1,1,1,1,6,2,5,3,1,1,0,4,0,3,2,0,1,2,0,2,4,1,6,0
625,3,1,2,17,5,1,4,3,4,4,5,2,4,4,4,4,1,5,5,2,1,3,5,3,3,3,3,1,1,2,2,1,1,2,1,1,1,5,3,6,2,2,1,1,4,0,3,2,0,2,2,0,1,3,0,8,3
627,2,0,1,19,5,5,3,1,2,1,1,3,4,1,2,4,3,4,2,3,2,1,4,1,4,1,2,1,1,1,2,2,1,1,1,1,1,2,1,2,1,3,5,1,3,1,4,1,1,2,2,0,2,10,1,0,-3
631,1,1,2,22,5,3,3,3,5,3,5,5,5,3,5,5,3,5,5,5,3,1,5,5,1,3,1,1,1,1,2,1,1,1,1,1,1,5,5,4,4,1,1,1,4,0,3,2,0,2,2,0,1,8,2,1,0
632,3,1,2,22,5,3,2,2,5,2,5,5,3,2,4,2,2,5,5,5,3,1,3,1,2,1,2,1,1,1,2,1,1,1,1,1,2,6,1,1,1,1,1,0,4,0,3,2,0,2,2,0,1,8,2,1,3
633,3,1,1,31,3,2,3,2,5,3,5,5,5,4,5,4,4,5,5,5,3,5,5,1,3,4,5,1,2,2,2,1,1,2,1,1,1,7,4,6,3,1,1,1,4,0,4,2,0,2,2,0,2,10,1,0,3
634,2,1,1,16,3,1,2,4,5,2,2,2,2,1,2,4,3,4,2,5,1,2,5,3,2,3,4,1,1,2,2,2,1,2,1,1,1,6,2,6,2,1,2,0,4,0,2,2,0,1,2,0,1,7,3,1,-3
635,1,0,1,18,5,4,3,2,4,3,5,5,3,3,4,4,1,4,4,4,1,1,3,2,3,1,5,2,1,2,2,1,1,2,1,2,1,6,1,5,1,3,2,1,4,0,3,2,0,2,2,0,1,6,1,4,0
639,2,1,2,21,5,2,1,2,2,3,2,2,2,1,2,3,3,5,3,5,3,1,5,2,3,1,7,2,2,2,2,1,1,2,1,2,2,5,1,2,1,1,4,0,0,0,4,0,0,2,0,0,2,3,1,7,-3
642,3,0,1,16,7,1,4,4,4,5,5,2,5,4,5,5,2,5,5,5,4,1,4,4,3,2,3,1,1,2,2,2,1,1,1,1,1,3,1,3,1,1,1,0,3,1,4,2,0,2,1,1,2,7,4,0,3
643,1,1,2,21,5,3,1,1,1,1,2,3,2,2,3,1,1,1,1,1,1,1,3,1,2,1,2,1,1,1,2,1,1,1,1,1,2,5,3,1,4,5,3,0,3,0,4,1,0,2,2,0,2,7,4,0,0
646,2,0,1,19,5,1,1,5,1,1,1,2,1,1,1,1,1,1,1,1,3,1,1,1,1,1,4,1,2,2,2,1,1,1,1,1,2,7,2,7,2,3,5,1,0,4,4,0,2,2,0,2,2,0,11,0,-3
647,1,0,2,17,7,1,4,4,5,4,3,5,3,3,3,4,2,5,3,5,2,4,5,2,3,2,4,1,2,2,2,1,1,2,1,1,1,6,3,6,2,4,1,1,3,0,3,1,0,1,2,0,2,8,3,0,0
648,2,1,2,24,6,3,2,4,1,3,1,1,1,1,1,1,1,5,2,1,1,4,3,3,1,3,1,1,1,1,2,1,1,1,1,1,1,6,2,6,2,1,5,1,2,0,4,1,0,2,1,0,2,4,0,7,-3
649,1,0,2,20,4,2,1,2,2,2,3,4,3,2,2,2,1,2,2,4,2,2,2,2,2,3,5,2,2,2,2,1,1,2,1,1,1,4,2,5,2,2,3,1,2,2,4,0,2,2,2,0,2,5,3,3,0
651,1,1,2,19,5,3,2,2,3,2,3,4,3,2,4,4,5,4,3,2,2,2,4,3,3,2,2,1,1,1,2,1,1,1,1,1,2,5,2,2,1,4,2,1,3,1,4,1,1,2,2,0,2,5,6,0,0
653,2,1,2,23,6,3,1,1,1,1,1,2,2,1,1,4,1,3,4,4,3,1,2,1,4,1,4,2,1,1,2,1,1,2,1,2,1,5,3,6,4,2,5,0,0,0,4,0,0,2,0,0,2,6,4,1,-3
657,2,0,2,17,5,1,1,1,3,1,2,3,1,1,1,1,1,4,4,3,1,1,5,1,1,1,2,1,1,2,2,1,1,1,1,1,1,3,1,1,1,1,4,0,4,0,4,2,0,2,2,0,2,8,1,2,-3
658,3,0,2,27,6,4,4,2,4,4,5,4,3,2,4,3,3,5,4,3,2,3,3,4,3,3,4,1,2,2,2,1,1,2,1,1,1,4,1,5,2,4,1,1,3,1,3,1,1,2,2,0,1,8,1,2,3
659,1,0,2,20,5,6,2,4,4,2,3,4,3,2,1,4,4,5,3,1,2,2,5,1,3,1,3,1,1,2,2,1,1,1,1,1,1,5,2,3,6,4,4,0,3,1,3,1,1,2,2,0,1,6,3,2,-1
662,2,0,2,21,3,6,3,4,4,4,3,5,4,1,4,5,3,4,4,4,3,4,5,5,3,4,4,1,2,1,2,1,1,1,1,1,2,2,4,6,4,1,2,1,0,4,0,0,2,0,0,2,0,4,7,0,-3
663,1,0,2,17,3,5,2,1,2,1,5,3,3,2,3,3,3,3,3,3,3,1,1,1,3,2,5,1,2,2,2,1,2,2,1,1,1,6,2,1,1,4,3,1,3,1,2,1,1,1,2,0,1,11,0,0,-1
664,3,1,2,15,1,1,2,2,2,4,4,2,3,4,4,1,4,4,4,5,4,5,2,2,4,3,5,1,2,2,2,1,1,2,1,1,2,6,1,3,1,2,2,1,4,0,4,2,0,2,2,0,2,5,4,2,2
666,2,0,2,28,3,6,1,2,1,1,1,3,2,1,3,3,1,3,3,5,3,1,5,1,3,1,2,1,1,1,2,1,1,1,1,2,1,5,4,5,4,3,5,1,1,3,4,0,2,2,1,1,2,2,1,8,-3
673,3,0,2,19,5,3,2,1,5,3,5,4,4,3,5,4,3,5,5,4,2,1,5,3,2,1,4,1,1,2,2,1,1,2,1,1,2,4,1,1,1,2,1,0,3,0,3,2,0,1,1,0,2,7,0,4,3
678,1,0,2,33,3,4,1,5,5,1,3,5,1,1,1,1,1,3,3,5,1,4,3,3,1,1,8,2,2,2,2,2,1,2,2,1,2,4,2,5,3,3,1,1,3,0,4,1,0,2,2,0,2,9,2,0,0
682,2,1,2,22,6,6,2,2,2,2,2,4,3,2,3,4,3,2,4,3,3,2,4,4,3,2,5,2,2,2,2,1,1,1,1,1,1,6,2,5,2,3,4,1,4,0,3,2,0,2,2,0,1,10,0,1,-3
683,3,1,2,15,1,1,4,4,5,4,5,5,5,4,5,4,4,5,5,4,5,4,5,3,4,3,4,1,1,2,2,1,1,2,1,1,1,6,2,4,4,1,1,0,2,2,2,1,1,1,1,1,1,7,4,0,3
684,3,0,2,21,5,3,3,4,2,1,5,5,4,4,4,4,1,3,2,5,4,3,3,1,3,4,7,2,1,2,2,1,1,2,2,1,2,6,3,6,1,2,1,1,2,1,2,1,0,1,1,1,1,3,2,6,3
685,1,0,2,25,5,3,2,4,5,2,5,5,4,1,4,4,2,5,5,4,1,2,5,5,3,1,5,2,1,2,2,1,1,2,1,2,1,3,2,3,1,1,1,1,3,0,3,1,0,1,2,0,2,6,0,5,0
689,2,1,2,20,5,4,1,3,2,1,1,2,1,1,1,2,1,2,3,5,1,1,2,3,2,1,3,2,1,2,2,1,1,1,1,1,1,4,2,6,2,2,5,1,2,1,3,1,0,2,1,1,1,3,0,8,-3
691,1,0,2,17,5,3,3,3,2,1,2,2,3,2,3,3,2,4,3,3,2,1,4,3,2,2,2,1,1,2,2,1,1,1,1,1,1,6,2,5,1,4,3,1,3,1,4,1,1,2,2,0,2,5,6,0,0
694,3,0,2,19,5,3,1,3,5,2,5,4,5,4,4,4,1,5,5,5,2,2,4,2,3,2,4,1,1,2,2,1,1,1,1,2,2,6,2,5,2,1,5,1,2,1,4,1,1,2,1,0,2,6,3,2,2
697,1,0,2,64,2,6,1,4,2,1,5,5,3,1,3,4,1,4,2,2,3,3,4,4,2,4,2,2,1,1,2,1,1,1,1,1,1,7,5,7,1,4,3,1,4,0,3,2,0,2,2,0,1,7,0,4,0
711,1,0,2,17,1,1,4,2,1,1,2,3,2,1,3,5,1,3,1,4,1,1,1,2,4,2,3,1,1,2,2,1,1,2,1,1,1,7,1,6,1,4,4,1,2,1,3,1,0,2,1,1,1,5,6,0,0
712,1,1,2,16,3,1,5,4,5,4,5,5,5,2,5,5,5,5,5,5,4,5,4,5,5,5,3,1,1,2,2,1,1,1,1,1,2,5,1,5,2,2,1,0,3,0,4,2,0,2,1,0,2,6,0,5,0
714,2,1,2,22,7,1,2,3,2,2,1,4,4,1,3,2,3,3,2,2,2,1,2,2,2,1,5,2,1,2,2,1,1,2,1,2,1,5,2,1,1,3,5,0,4,0,3,2,0,1,2,0,2,8,0,3,-3
715,2,1,2,18,5,3,2,1,4,1,4,3,2,1,2,3,1,4,4,5,2,1,5,1,1,1,2,1,1,2,2,1,1,1,1,1,1,1,1,2,2,1,4,1,4,0,4,2,0,2,2,0,2,8,0,3,-3
718,1,1,2,26,7,3,1,1,3,1,3,4,2,2,4,2,3,1,3,2,2,1,5,1,2,1,2,1,1,1,2,1,1,1,1,2,1,6,2,5,4,3,2,1,4,0,4,2,0,2,2,0,2,11,0,0,0
728,1,1,2,20,5,3,1,1,1,1,5,4,2,1,2,3,1,5,3,1,1,1,3,2,2,1,5,2,1,2,2,1,1,2,2,1,1,4,4,2,2,4,1,1,1,2,4,0,1,2,1,1,2,6,5,0,0
729,2,0,2,32,3,5,1,1,1,1,1,1,1,1,1,1,1,5,1,5,1,1,1,1,1,1,3,1,2,1,2,1,1,1,1,1,1,5,2,3,3,1,5,0,1,1,3,0,1,2,1,0,1,0,1,10,-3
733,2,0,2,19,5,3,2,5,3,1,2,2,3,2,2,4,2,5,5,4,2,2,2,1,3,1,5,1,1,2,2,1,1,2,2,1,2,6,4,6,2,1,3,1,4,0,3,2,0,1,2,0,2,8,3,0,-3
734,2,0,1,17,5,6,2,3,1,1,1,2,2,1,1,1,2,3,3,3,2,1,2,4,2,2,2,1,1,2,2,1,1,1,1,1,1,7,1,6,1,3,5,1,4,0,2,2,0,1,2,0,1,11,0,0,-3
735,1,1,1,17,3,5,3,5,4,3,5,4,4,1,5,4,1,5,2,4,1,1,5,4,3,1,2,1,1,2,2,1,1,1,1,1,1,3,1,3,1,4,1,1,1,1,3,0,0,2,1,1,1,8,2,1,0
739,3,1,2,20,5,3,3,4,2,4,5,5,1,4,3,3,1,4,4,1,2,4,5,3,2,4,2,1,1,1,2,1,1,1,1,1,2,5,2,5,2,2,2,0,0,4,3,0,2,1,0,2,2,6,4,1,3
740,3,0,2,18,4,1,4,3,4,4,5,5,4,5,4,4,1,5,5,3,2,2,3,2,3,4,2,1,1,2,2,1,1,1,1,1,1,5,1,1,1,1,1,1,4,0,3,2,0,1,2,0,2,6,0,5,2
741,1,0,2,17,3,1,2,1,2,2,4,4,4,1,3,5,2,2,2,3,2,1,5,3,4,1,3,2,1,2,2,1,1,1,1,1,1,6,2,5,1,4,2,0,1,2,4,0,1,2,1,1,2,7,4,0,0
747,2,1,1,58,6,4,1,5,5,1,5,5,5,1,5,5,3,5,5,5,3,3,5,5,3,1,1,1,1,1,1,1,1,1,1,1,1,1,1,1,1,1,1,1,4,0,4,2,0,2,2,0,2,9,0,2,-3
750,1,1,2,17,3,1,1,2,2,1,2,3,2,1,2,1,1,2,2,2,1,1,3,2,2,1,4,1,2,2,2,1,1,2,1,1,1,5,2,5,5,4,3,0,3,1,2,1,1,1,2,0,1,6,2,3,0
751,3,0,2,18,3,2,3,4,4,3,5,3,5,4,5,5,4,4,5,5,4,3,3,3,5,3,6,2,2,2,2,1,1,1,1,1,2,6,2,3,2,1,1,1,3,1,2,1,1,1,2,0,1,5,6,0,3
752,1,1,2,22,5,3,2,2,2,2,2,5,4,3,3,3,3,5,2,3,2,4,5,3,3,2,6,2,2,2,2,1,1,2,1,2,1,7,2,6,1,4,1,0,4,0,2,2,0,1,2,0,1,6,5,0,0
753,2,1,1,18,5,3,1,2,2,2,2,3,2,1,1,4,2,4,3,3,1,2,3,3,2,2,5,1,2,2,2,2,1,2,1,1,1,5,1,5,1,4,1,0,4,0,4,2,0,2,2,0,2,4,0,7,-3
755,1,0,2,19,5,2,4,2,5,4,5,3,4,3,3,3,3,5,5,5,3,3,4,3,3,4,3,1,1,2,2,1,1,2,1,1,1,6,2,5,2,2,1,1,2,1,4,0,1,2,2,0,2,5,4,2,0
757,2,1,1,17,7,1,2,4,4,1,5,5,4,1,1,3,2,5,5,3,3,2,5,3,2,2,3,1,1,2,2,1,1,2,1,1,1,5,1,6,1,1,4,1,4,0,0,2,0,0,2,0,0,11,0,0,-3
762,2,0,2,22,5,3,1,5,5,1,5,5,4,1,4,5,3,5,5,3,5,1,5,5,5,1,5,2,2,2,2,1,1,2,1,1,1,3,2,7,2,3,5,1,1,0,3,0,0,2,1,0,1,9,1,1,-3
766,3,1,1,18,3,1,5,5,5,5,5,5,5,5,5,3,4,1,5,5,4,5,5,5,4,3,3,1,2,2,2,1,1,1,1,1,1,6,1,6,2,1,1,1,4,0,4,2,0,2,2,0,2,11,0,0,3
767,2,1,2,17,3,1,1,1,3,1,4,5,4,2,2,3,2,2,2,2,1,2,2,3,3,2,3,1,1,2,2,1,1,2,1,1,1,6,2,6,2,3,4,1,0,4,3,0,2,1,0,2,2,4,4,3,-1
768,3,0,1,25,6,3,4,3,5,3,5,3,2,5,4,2,1,4,5,5,2,1,3,1,1,1,1,2,1,1,1,1,1,1,1,1,1,2,1,2,1,1,1,0,4,0,4,2,0,2,2,0,2,2,0,9,3
770,1,1,2,18,5,3,2,3,4,2,5,5,2,1,1,4,2,5,1,2,1,1,1,5,1,2,3,1,1,1,2,1,1,1,1,2,2,5,2,2,1,2,2,0,3,0,4,2,0,2,1,0,2,4,0,7,0
771,1,0,1,29,6,4,1,1,2,2,3,1,2,1,2,1,1,4,2,2,3,1,1,1,1,1,7,2,2,2,2,2,2,2,1,1,1,6,2,6,1,5,2,0,3,1,4,1,1,2,2,0,2,4,2,5,0
772,3,1,2,18,3,2,4,3,5,3,4,3,4,4,4,4,4,5,5,4,3,4,4,4,4,2,2,1,1,1,2,1,1,2,1,1,1,3,1,5,2,2,2,0,3,1,4,1,1,2,2,0,2,3,4,4,3
778,1,1,2,15,3,1,4,4,3,4,2,2,3,3,3,2,2,5,4,5,2,5,2,1,3,4,2,1,1,2,2,1,1,1,1,1,1,6,2,4,4,4,2,1,4,0,4,2,0,2,2,0,2,10,1,0,1
780,2,1,2,20,5,3,1,1,2,1,1,5,5,1,5,4,3,5,5,1,3,2,3,3,5,4,5,2,2,2,2,1,1,2,1,1,1,5,1,7,1,1,5,1,2,2,4,1,1,2,1,1,2,3,8,0,-3
781,3,0,2,21,5,2,4,3,5,4,5,4,5,4,4,5,3,4,4,5,4,4,2,3,4,3,3,2,1,1,2,1,1,1,1,1,1,5,1,6,2,1,1,1,3,0,4,2,0,2,1,0,2,4,0,7,3
782,3,0,1,18,1,1,5,4,5,4,5,3,4,4,4,2,2,4,3,2,4,2,4,2,3,1,6,2,2,2,2,2,1,1,1,1,1,6,1,6,2,1,1,1,2,1,4,1,1,2,1,0,2,7,1,3,3
784,3,0,2,18,4,2,4,3,5,4,4,3,4,3,4,4,4,4,4,5,3,4,3,3,3,3,2,1,1,2,2,1,1,1,1,1,1,5,2,4,4,1,2,0,3,1,4,1,1,2,2,0,2,6,0,5,3
785,1,1,2,16,5,1,3,2,2,2,2,2,4,1,4,3,2,2,2,2,1,2,5,2,2,2,8,2,2,2,2,2,1,2,1,2,2,6,2,6,2,5,4,1,3,1,3,1,1,1,2,0,2,9,2,0,-1
789,2,0,2,18,3,1,2,3,1,1,5,2,1,1,2,2,1,3,4,4,1,2,2,1,1,1,3,2,2,1,2,1,1,1,1,1,1,3,2,5,4,3,2,1,3,1,4,1,1,2,2,0,2,10,1,0,-3
792,1,0,2,39,6,4,2,1,2,2,3,2,2,2,2,3,2,2,2,3,1,3,2,2,2,4,2,2,1,1,2,1,1,1,1,1,1,4,1,6,2,4,2,1,2,2,4,1,1,2,1,1,2,3,2,6,0
798,3,0,2,18,3,1,4,5,4,4,5,4,4,4,4,5,3,5,5,5,1,2,5,3,2,3,3,1,2,2,2,1,1,1,1,1,1,5,2,2,2,1,1,0,3,1,3,1,1,1,2,0,2,6,5,0,3
800,2,1,2,56,6,4,1,1,1,1,3,5,5,1,5,5,5,5,5,5,3,1,3,1,5,1,4,2,1,2,2,1,1,1,1,1,2,7,2,6,1,1,1,1,4,0,4,2,0,2,2,0,2,2,0,9,-3
801,3,0,2,17,3,1,3,3,4,3,5,5,4,3,4,3,1,5,3,5,3,4,3,3,4,1,4,1,1,2,2,1,1,2,1,1,2,5,4,5,4,1,1,1,3,1,4,1,1,2,2,0,2,5,4,2,3
803,3,1,1,20,5,3,2,5,5,4,5,2,4,4,4,3,3,5,5,5,3,2,4,4,3,3,3,2,1,1,2,1,1,1,1,1,2,5,2,3,1,2,1,1,4,0,4,2,0,2,2,0,2,2,0,9,2
805,2,0,1,22,5,3,1,4,5,1,5,4,3,1,3,1,1,4,3,5,1,1,5,1,1,1,4,2,1,2,2,1,1,2,1,1,1,5,1,7,1,2,1,1,4,0,4,2,0,2,2,0,2,10,0,1,-3
806,2,1,2,24,5,4,1,1,5,1,5,5,1,1,3,4,1,1,5,5,1,1,5,5,3,1,3,2,1,1,2,1,1,1,1,1,2,4,3,4,3,1,1,1,4,0,3,2,0,1,2,0,2,8,3,0,-1
810,2,0,2,17,4,1,1,2,1,1,2,1,2,1,2,2,1,4,3,4,1,5,5,2,1,2,2,1,2,1,2,1,1,1,1,1,1,5,2,3,2,2,5,1,3,0,3,1,0,1,2,0,2,6,4,1,-3
812,2,0,2,16,3,1,1,4,1,1,1,1,1,1,1,1,1,2,3,4,1,2,2,1,1,3,3,1,1,2,2,1,1,1,1,1,1,4,4,6,3,4,5,0,4,0,3,2,0,1,2,0,2,3,4,4,-3
816,2,0,2,36,6,4,3,3,2,3,4,3,2,2,3,5,4,5,3,3,2,1,4,5,3,1,3,2,2,1,2,1,1,1,1,1,1,4,2,6,2,1,1,1,0,0,4,0,0,2,0,0,2,6,0,5,-3
819,1,1,2,15,1,1,2,3,2,2,3,5,2,3,2,2,3,2,3,2,2,5,5,2,2,4,2,1,1,2,2,1,1,1,1,1,1,5,4,1,1,4,4,1,4,0,3,2,0,1,2,0,2,9,0,2,-1
824,2,1,2,22,5,3,3,2,1,3,2,2,2,2,2,3,2,4,4,4,3,1,2,2,4,2,1,1,1,1,2,1,1,1,1,1,1,6,2,5,4,2,5,1,0,0,3,0,0,1,0,0,2,10,0,1,-3
826,2,1,2,22,5,3,3,2,3,2,4,3,1,1,3,3,1,4,2,5,3,4,3,1,1,3,1,1,1,1,2,1,1,1,1,1,1,2,2,6,6,3,3,1,4,0,1,2,0,0,2,0,1,6,1,4,-3
830,1,0,1,17,4,1,2,2,2,2,2,2,2,2,2,2,2,2,2,2,2,2,2,1,2,2,2,1,1,2,1,1,1,2,1,1,1,3,2,3,2,4,4,0,3,1,3,1,1,1,2,0,2,6,5,0,-1
833,3,0,1,21,4,2,3,3,5,3,5,5,5,5,5,4,1,5,4,5,3,1,5,4,3,1,5,2,1,2,2,1,1,2,1,2,1,6,1,5,1,1,1,1,3,1,2,1,1,1,2,0,1,11,0,0,3
836,3,1,2,23,4,4,5,3,5,5,5,5,5,5,4,5,4,4,5,5,4,2,4,4,5,2,6,2,2,1,2,1,1,1,1,2,2,5,2,7,2,2,1,0,2,2,2,2,0,0,0,2,2,8,3,0,3
837,2,1,2,20,5,4,1,1,1,3,1,1,1,1,1,1,1,1,1,3,1,1,4,3,1,4,1,1,1,1,2,1,1,1,1,1,1,2,1,2,1,3,5,0,2,0,3,1,0,1,1,0,2,3,0,8,-3
839,1,1,1,18,3,1,1,1,3,1,3,4,3,2,2,2,3,3,2,2,2,4,5,2,2,3,5,1,2,2,2,1,1,2,2,1,1,6,3,6,4,4,2,1,3,1,4,1,1,2,2,0,2,7,4,0,0
840,2,0,2,22,4,1,4,4,5,5,5,4,5,4,3,5,4,5,5,5,5,5,5,5,5,4,3,1,1,2,2,1,1,1,1,1,1,2,2,6,1,1,1,1,1,3,4,1,1,2,0,2,2,2,8,1,-3
841,1,0,1,24,6,6,2,2,3,2,3,5,3,2,3,3,4,3,3,2,2,1,3,2,4,2,5,2,1,2,2,2,1,1,1,2,1,6,2,5,1,2,3,1,3,1,1,1,1,1,2,0,0,9,2,0,0
843,1,0,1,23,5,3,4,3,5,1,4,4,4,2,4,5,1,5,5,5,3,1,5,4,3,2,8,2,2,2,2,1,1,2,1,2,2,6,2,5,3,3,1,1,4,0,4,2,0,2,2,0,2,11,0,0,0
844,1,0,2,20,5,3,3,2,3,2,3,2,2,1,1,2,2,2,4,2,2,3,2,1,2,1,4,1,2,1,2,1,1,1,1,2,2,5,3,5,4,2,2,1,3,1,3,1,1,1,2,0,2,6,4,1,-2
848,3,1,2,16,3,1,3,5,4,4,5,4,5,3,5,5,2,5,4,5,4,2,5,2,4,1,2,1,2,1,2,1,1,1,1,1,1,5,3,4,3,1,1,0,4,0,3,2,0,2,2,0,1,7,2,2,3
851,1,0,1,17,5,6,4,2,3,3,4,3,3,3,4,3,4,5,5,5,2,2,4,4,3,3,2,1,1,2,2,1,1,1,1,1,1,7,1,6,2,2,3,0,4,0,3,2,0,1,2,0,2,11,0,0,0
853,3,0,2,19,6,4,3,4,5,3,5,2,4,3,4,3,3,5,5,5,3,4,5,4,3,3,3,1,2,2,2,1,1,1,1,1,1,4,2,3,2,1,1,1,3,0,4,1,0,2,2,0,2,7,0,4,2
854,3,1,1,20,5,3,2,4,4,2,4,4,2,4,2,3,2,4,4,4,2,3,4,3,2,2,5,2,2,2,2,1,1,2,1,1,1,6,2,5,3,2,2,1,3,1,0,1,1,0,2,0,0,4,1,6,3
855,2,1,2,17,3,1,1,2,2,2,1,4,2,1,3,3,3,5,4,4,3,1,2,1,3,4,6,1,2,2,2,2,1,2,1,1,2,6,3,6,4,2,5,1,4,0,4,2,0,2,2,0,2,7,1,3,-3
858,3,0,2,21,5,3,3,3,4,4,5,2,2,1,3,2,3,4,4,4,1,2,4,1,1,4,1,1,1,1,2,1,1,1,1,1,1,5,2,5,2,2,1,1,4,0,3,2,0,2,2,0,1,11,0,0,3
862,1,0,2,16,3,1,3,3,5,2,5,5,3,3,5,3,2,5,5,2,1,3,5,5,1,1,6,2,2,2,2,1,1,2,1,1,2,6,2,7,2,3,1,1,2,2,3,1,1,1,1,1,2,8,3,0,0
868,2,1,2,17,3,2,2,3,5,1,3,2,1,1,1,4,1,4,4,4,1,2,5,3,2,1,1,1,1,1,2,1,1,1,1,1,1,2,5,6,2,1,4,1,1,3,4,0,2,2,1,1,2,2,5,4,-3
870,3,0,2,19,5,4,5,3,5,5,5,4,4,3,3,3,2,5,5,5,4,1,5,5,1,1,4,1,2,1,2,1,1,2,1,1,2,2,1,1,1,1,1,0,3,1,3,1,1,2,2,0,1,6,3,2,2
871,1,1,2,20,3,2,2,2,2,2,4,2,3,1,3,3,3,1,2,2,2,1,4,1,1,2,5,2,2,1,2,2,1,2,1,1,1,6,1,3,1,5,2,1,4,0,3,2,0,1,2,0,2,11,0,0,0
872,2,1,1,17,4,1,1,1,1,1,1,1,1,1,1,1,1,4,1,4,1,1,1,1,1,1,5,2,1,2,2,2,1,2,1,1,1,5,2,7,1,3,5,1,3,1,3,1,1,2,2,0,1,5,6,0,-3
875,1,1,1,24,6,3,1,3,5,1,5,5,3,3,5,3,3,5,5,5,1,5,5,3,1,1,4,2,1,2,2,2,1,1,1,1,1,3,1,1,1,1,1,1,1,0,3,0,0,1,1,0,2,5,1,5,0
876,3,1,2,28,3,4,4,4,3,4,5,4,3,4,3,2,2,5,4,5,4,1,5,2,3,2,3,2,1,1,2,1,1,1,1,1,1,4,2,4,2,1,1,1,1,0,4,0,0,2,1,0,2,2,0,9,3
877,1,0,2,16,1,1,2,3,2,2,3,2,3,1,3,1,1,2,3,2,3,1,4,1,2,1,3,1,1,2,2,2,1,1,1,1,1,6,2,4,4,4,3,1,3,1,4,2,0,2,1,1,2,5,4,2,0
878,3,0,2,16,3,2,5,3,5,5,3,5,4,3,4,4,5,5,3,5,1,4,1,5,1,4,5,1,1,2,2,1,1,2,1,1,2,5,3,4,4,1,1,0,4,0,3,2,0,1,2,0,2,9,1,1,3
879,2,1,1,23,4,3,2,1,1,2,1,1,1,1,1,1,1,4,1,4,1,1,1,1,1,1,1,1,1,1,2,1,1,1,1,1,1,3,3,2,2,2,5,1,4,0,4,2,0,2,2,0,2,4,2,5,-3
883,2,0,2,16,3,1,2,5,3,2,4,5,1,1,2,2,3,5,5,5,3,1,5,5,3,1,4,1,2,2,2,1,1,2,1,1,1,5,5,2,2,1,2,0,3,1,3,2,0,1,1,1,2,6,5,0,-3
891,3,0,2,23,5,2,4,5,5,4,5,3,4,4,5,3,3,5,5,5,4,4,5,3,4,4,4,2,2,2,2,1,1,1,1,1,1,5,4,6,1,1,1,1,2,0,3,0,0,2,2,0,1,6,1,4,3
895,3,0,1,55,4,5,1,2,2,2,5,4,3,5,4,4,2,2,5,2,4,2,5,1,3,4,1,1,1,1,2,1,1,1,1,1,1,5,2,5,4,1,1,1,2,0,4,1,0,2,1,0,2,7,1,3,2
901,3,0,2,18,3,2,4,5,5,4,5,4,3,3,4,5,3,5,5,5,3,4,4,2,3,4,3,1,1,2,2,1,1,2,1,1,1,5,2,6,1,1,2,1,2,0,4,1,0,2,1,0,2,2,0,9,3
905,2,1,1,18,5,1,2,3,4,1,5,2,2,1,2,3,1,5,3,5,3,2,4,2,4,1,5,1,1,2,2,2,1,2,1,2,1,5,2,7,1,1,2,0,4,0,3,2,0,1,2,0,2,3,1,7,-3
907,3,0,2,18,5,5,5,5,5,5,5,5,4,4,5,4,3,5,5,5,4,3,5,3,3,4,5,1,2,2,2,1,1,2,1,1,2,5,1,5,1,1,1,0,4,0,4,2,0,2,2,0,2,9,1,1,3
908,3,0,2,19,3,2,5,5,5,4,5,5,4,2,5,2,4,4,5,5,4,1,5,3,4,2,2,2,1,1,2,1,1,1,1,1,1,4,4,4,4,1,1,1,4,0,3,2,0,1,2,0,2,8,0,3,3
910,3,0,2,58,4,4,3,3,3,3,5,5,5,3,3,5,3,5,3,3,3,3,5,4,3,3,1,1,1,1,2,1,1,1,1,1,1,4,4,4,1,2,1,1,3,0,4,1,0,2,2,0,2,11,0,0,1
913,2,0,2,17,2,1,1,3,1,2,1,5,3,1,3,4,1,4,3,4,2,1,3,2,3,1,2,1,1,2,2,1,1,1,1,1,1,6,2,6,2,2,5,0,1,0,3,1,0,1,0,0,2,5,5,1,-3
914,3,0,2,21,4,2,4,5,2,4,5,4,4,4,4,3,2,5,5,4,4,4,4,3,3,4,1,1,1,1,2,1,1,1,1,1,1,4,4,2,1,1,1,0,3,1,3,1,1,2,2,0,1,8,1,2,3
916,3,0,1,20,5,2,3,3,5,4,4,4,4,4,4,4,2,4,4,3,3,2,4,3,3,2,4,2,2,2,2,1,1,1,1,1,1,6,1,6,2,2,1,0,4,0,3,2,0,2,2,0,1,6,0,5,3
918,2,1,1,17,1,1,1,1,1,1,1,2,1,1,2,1,1,3,3,3,2,1,2,2,1,1,3,1,1,2,2,1,1,2,1,1,1,6,1,6,1,3,5,0,3,1,3,1,1,2,2,0,1,6,3,2,-3
919,1,0,1,19,5,3,2,3,2,2,2,5,3,2,2,2,3,2,4,1,1,2,3,3,2,2,5,2,1,1,2,2,1,2,1,2,1,5,5,6,3,4,3,1,4,0,2,2,0,1,2,0,1,8,3,0,-1
920,3,1,2,21,5,3,4,5,5,3,5,5,4,3,4,4,2,5,5,5,3,5,3,4,2,4,4,1,2,2,2,1,1,1,1,1,2,4,6,5,3,4,1,1,2,2,3,1,1,1,1,1,2,1,5,5,2
928,3,0,2,21,5,3,3,5,5,2,5,5,5,4,4,5,3,5,5,5,1,3,4,3,3,1,5,1,2,1,2,1,1,1,1,2,2,4,4,6,2,1,1,0,2,0,3,1,0,1,1,0,2,5,4,2,3
930,1,0,2,15,1,1,2,1,5,2,4,5,4,1,4,5,3,5,5,5,4,4,4,1,4,1,2,1,2,1,2,1,1,1,1,1,1,6,1,5,1,1,1,0,4,0,3,2,0,1,2,0,2,8,2,1,0
933,1,1,1,22,5,3,4,3,2,2,3,3,4,1,3,2,4,3,2,2,2,2,4,4,3,2,6,2,2,2,2,2,1,2,1,1,1,4,1,3,1,4,2,0,3,0,3,2,0,2,1,0,1,8,1,2,0
935,1,0,2,16,3,1,1,4,2,2,3,2,3,2,2,2,2,2,2,2,1,2,3,3,2,2,2,1,1,2,2,1,1,1,1,1,1,1,1,4,4,5,4,1,3,1,2,2,0,1,1,1,1,8,3,0,0
936,2,0,2,20,5,3,1,1,1,1,1,4,1,1,1,2,1,2,2,3,2,3,3,2,1,3,2,2,1,1,2,1,1,1,1,1,1,5,3,3,4,3,5,1,3,0,3,1,0,2,2,0,1,10,1,0,-3
942,3,1,2,18,5,3,4,4,5,3,4,2,4,4,5,5,3,4,4,3,3,1,4,4,3,2,2,1,1,1,2,1,1,2,1,1,1,5,2,5,3,1,2,0,2,2,3,0,2,2,2,0,1,8,1,2,3
943,1,1,2,16,7,1,3,4,3,4,5,5,4,3,2,4,3,4,5,3,3,4,4,2,3,2,3,1,2,2,2,1,1,1,1,1,1,6,2,5,2,3,2,1,3,0,4,2,0,2,1,0,2,8,3,0,0
944,1,1,2,21,5,3,2,4,4,2,4,4,4,2,3,4,4,4,2,2,2,1,4,2,2,2,5,1,2,2,2,1,1,2,1,1,2,4,1,2,1,4,2,0,3,1,3,1,1,2,2,0,1,3,3,5,0
948,3,1,2,20,5,2,4,2,5,4,5,5,4,4,4,4,3,4,5,5,4,5,5,5,4,4,3,2,1,2,2,1,1,1,1,1,1,5,2,6,1,1,1,0,3,1,2,1,1,1,2,0,1,4,0,7,3
949,1,0,2,22,5,3,2,2,2,2,2,3,2,2,3,2,2,3,2,2,2,1,2,1,2,1,3,2,1,2,2,1,1,1,1,1,1,2,1,2,1,4,3,0,1,2,4,0,1,2,1,1,2,3,0,8,0
951,3,0,2,21,5,3,3,2,5,3,3,4,4,5,5,5,3,5,4,5,5,1,4,3,4,1,8,2,2,2,2,2,1,2,1,2,2,5,5,4,4,2,1,1,2,2,4,0,2,2,2,0,2,3,7,1,3
953,2,0,2,18,2,1,2,4,4,4,4,5,5,1,5,4,1,3,4,3,1,5,5,1,3,4,6,2,2,2,2,1,1,2,1,2,1,6,2,5,1,1,2,0,3,1,4,1,1,2,2,0,2,7,4,0,-3
954,1,1,2,18,5,3,1,5,5,3,5,5,3,1,3,1,1,5,5,5,1,3,5,5,1,5,6,1,2,2,2,2,1,2,1,1,2,7,3,6,4,1,1,0,3,1,3,1,1,1,2,0,2,11,0,0,0
955,1,0,2,15,1,1,3,2,2,3,4,3,2,2,2,2,4,2,3,3,2,5,5,1,1,1,4,1,2,2,2,1,1,1,1,1,2,4,2,5,4,2,1,1,4,0,4,2,0,2,2,0,2,8,3,0,0
959,1,1,1,19,5,4,4,2,2,3,2,3,2,1,2,1,1,2,2,2,2,1,2,2,2,3,2,1,1,2,2,1,1,1,1,1,1,3,1,4,1,4,4,0,4,0,4,2,0,2,2,0,2,4,3,4,0
960,2,0,2,27,4,4,1,3,2,1,1,1,1,1,1,2,1,5,3,5,3,1,3,1,2,1,1,1,1,1,2,1,1,1,1,1,1,2,1,1,1,4,5,1,3,0,4,1,0,2,2,0,2,0,0,11,-3
962,3,1,2,23,4,3,5,4,5,5,4,4,3,4,4,5,2,5,5,5,2,4,5,3,4,1,4,2,1,2,2,1,1,2,1,1,1,5,1,5,1,1,1,1,4,0,1,2,0,1,2,0,0,5,2,4,3
964,1,0,2,18,5,1,2,2,5,4,5,4,3,1,4,1,3,5,5,5,1,2,5,3,1,3,2,1,1,1,2,1,1,1,1,1,2,3,2,4,1,1,2,0,4,0,3,2,0,2,2,0,1,10,0,1,0
965,2,0,2,24,3,4,1,4,1,1,2,1,1,1,1,1,1,3,2,5,1,1,1,1,1,1,5,2,1,2,2,2,1,1,1,2,1,5,3,4,4,1,5,0,0,3,3,0,1,2,0,2,1,3,2,6,-3
968,3,1,1,33,4,4,5,2,5,3,5,5,5,5,5,5,5,5,5,5,5,4,4,5,5,4,4,2,2,1,2,1,1,1,1,1,1,6,2,4,2,1,1,0,2,2,2,0,2,2,2,0,0,7,2,2,3
970,2,1,1,20,5,2,2,2,3,1,1,2,2,1,2,2,2,2,3,4,1,1,5,1,1,1,3,1,1,2,2,2,1,1,1,1,1,7,2,6,1,1,4,1,3,1,3,1,1,2,2,0,1,1,2,8,-3
972,2,1,1,19,5,5,3,4,2,2,2,3,2,1,2,1,5,5,5,5,1,1,5,1,1,1,3,1,1,2,2,1,1,1,1,1,1,6,2,1,1,2,4,1,4,0,2,2,0,0,2,0,2,6,1,4,-2
975,2,1,2,22,5,3,4,3,5,4,5,5,4,2,4,5,4,5,5,5,3,2,5,4,4,5,5,1,2,2,2,1,1,2,1,2,1,5,1,4,1,1,1,1,4,0,3,2,0,1,2,0,2,8,2,1,-3
976,1,0,2,19,3,3,1,3,1,1,1,1,1,1,1,1,1,1,1,1,1,1,1,1,1,1,4,2,1,2,2,1,1,2,1,1,1,7,4,4,4,5,5,1,1,3,3,0,2,2,1,1,1,6,3,2,0
977,3,0,2,24,5,3,2,4,5,4,5,2,5,4,5,4,1,4,5,5,4,1,3,1,4,1,6,2,2,2,2,1,1,2,1,1,2,4,4,5,2,1,1,0,2,2,3,0,2,2,2,0,1,4,5,2,3
978,3,0,2,16,1,1,3,4,4,3,5,1,4,3,5,3,3,3,5,5,3,4,4,3,3,4,3,1,1,2,2,1,1,2,1,1,1,2,5,1,1,1,1,0,4,0,3,2,0,1,2,0,2,4,1,6,3
979,1,1,2,20,1,6,1,3,3,1,3,4,3,1,5,2,2,2,5,4,1,1,5,3,3,1,2,1,1,1,2,1,1,1,1,1,1,5,4,5,1,4,1,0,2,1,4,1,0,2,1,1,2,9,1,1,0
984,1,0,2,16,3,1,1,3,1,2,1,3,1,1,1,3,2,1,1,1,1,1,5,2,2,1,3,2,1,2,2,1,1,1,1,1,1,4,4,5,3,4,2,1,2,2,4,1,1,2,1,1,2,6,2,3,-2
985,2,1,2,20,3,2,2,3,3,2,2,2,2,1,2,2,2,2,3,3,2,2,2,1,2,2,2,1,1,1,2,2,1,1,1,1,1,4,4,4,4,5,2,1,3,1,1,1,1,1,2,0,0,6,5,0,-3
989,1,0,2,24,5,3,2,2,1,1,1,3,2,1,1,3,1,1,1,1,1,5,2,1,1,1,3,2,1,2,2,1,1,1,1,1,1,4,1,5,1,5,5,1,3,0,2,2,0,1,1,0,1,8,3,0,-2
992,2,1,2,20,5,3,1,1,1,1,2,2,2,1,2,2,1,3,3,3,2,3,3,2,2,4,4,1,1,1,2,1,1,2,1,2,2,6,4,5,4,2,5,1,1,0,4,1,0,2,0,0,2,6,1,4,-3
993,2,0,2,18,5,3,1,3,5,3,3,5,3,1,3,3,3,5,5,5,3,1,5,5,3,1,2,1,1,2,2,1,1,1,1,1,1,3,1,7,1,1,1,0,1,0,3,1,0,1,0,0,2,5,6,0,-3
994,3,0,1,21,4,2,4,4,5,4,5,3,3,5,4,3,3,4,4,4,3,2,4,2,3,2,5,1,1,2,2,2,1,2,2,1,1,6,1,7,1,1,1,0,4,0,2,2,0,1,2,0,1,9,0,2,3
995,1,0,1,22,6,3,1,1,3,2,4,3,3,1,2,3,2,1,2,1,2,4,3,3,2,2,5,2,1,2,2,2,1,1,1,1,1,7,1,5,1,5,1,0,4,0,3,2,0,1,2,0,2,10,1,0,0
996,2,0,2,24,4,3,1,1,1,1,5,4,1,1,1,1,2,3,4,3,1,1,3,1,1,1,3,2,1,1,2,1,1,1,1,2,1,5,2,6,3,2,1,1,1,3,4,0,2,2,1,1,2,6,0,5,-3
999,1,1,2,18,3,6,2,2,2,2,2,2,2,1,2,2,1,2,2,1,1,2,3,3,3,2,4,1,2,1,2,1,1,1,1,1,2,6,3,4,3,5,4,0,3,1,4,1,1,2,2,0,2,7,3,1,0
1000,3,1,2,19,3,6,4,2,2,2,5,2,4,4,4,4,2,5,4,2,4,4,3,3,2,4,3,1,2,1,2,1,1,1,1,1,2,6,3,6,2,2,2,1,3,1,2,2,0,1,1,1,1,8,3,0,3
1004,2,0,2,14,1,1,2,2,2,4,3,2,2,2,2,2,2,3,2,3,2,2,5,2,1,2,4,1,2,2,2,1,1,2,1,1,1,5,2,6,1,3,4,0,3,0,4,2,0,2,1,0,2,5,2,4,-3
1007,1,1,2,30,3,4,2,2,4,2,3,3,3,1,2,3,2,5,2,1,1,2,5,2,2,2,3,2,2,1,2,1,1,1,1,1,1,2,1,1,1,2,3,0,3,0,4,1,0,2,2,0,2,7,0,4,0
1008,3,0,1,19,5,5,4,3,5,3,5,3,5,5,4,5,4,5,5,5,4,2,3,4,5,3,4,1,1,2,2,2,1,2,1,1,1,6,1,7,1,1,1,0,3,1,3,1,1,2,2,0,1,1,1,9,3
1010,1,0,1,31,5,4,3,5,5,1,5,5,5,1,4,5,4,5,5,5,1,2,5,4,3,2,4,2,1,2,2,1,1,1,1,1,1,5,2,5,4,1,1,1,4,0,3,2,0,1,2,0,2,11,0,0,0
1017,3,0,1,24,6,4,3,4,5,3,5,5,4,4,3,3,3,5,5,5,3,3,5,3,3,2,3,1,1,2,2,2,1,1,1,1,1,6,1,6,1,1,1,0,3,1,3,1,1,2,2,0,1,6,5,0,3
1023,1,0,2,15,1,1,1,2,2,1,2,2,2,1,4,2,2,2,3,2,1,4,5,2,2,1,2,1,2,1,2,1,1,1,1,1,1,6,1,5,3,4,1,1,2,1,4,1,0,2,1,1,2,5,6,0,0
1026,1,1,2,23,5,2,4,4,5,4,5,4,4,2,3,3,4,5,4,5,3,1,2,3,2,3,3,1,2,1,2,2,1,1,1,1,1,1,1,6,3,1,1,0,2,1,2,0,1,2,2,0,0,6,0,5,-1
1028,2,0,1,19,3,2,1,2,1,1,1,2,1,1,1,1,1,3,3,2,1,2,2,2,1,1,2,2,2,1,1,1,1,1,1,1,1,5,5,6,2,2,5,0,2,2,4,0,2,2,2,0,2,1,3,7,-3
1029,2,1,2,18,3,1,1,2,2,2,1,1,1,1,2,1,1,4,5,5,1,2,3,1,1,2,4,1,2,2,2,1,1,1,1,1,2,6,1,1,1,2,1,1,4,0,4,2,0,2,2,0,2,5,0,6,-3
1034,2,0,2,20,5,1,1,2,1,1,1,5,3,1,3,5,1,4,3,4,3,2,3,1,3,2,3,1,1,2,2,1,1,2,1,1,1,4,4,6,2,4,5,0,3,0,4,2,0,2,1,0,2,3,2,6,-3
1036,2,1,2,20,5,3,1,3,2,1,1,3,2,1,2,4,1,5,5,4,4,2,2,2,4,1,2,1,1,2,2,1,1,1,1,1,1,7,1,7,1,1,5,0,3,1,4,1,1,2,2,0,2,5,3,3,-3
1037,2,1,1,23,5,3,3,3,4,3,5,4,2,1,1,2,2,5,4,4,3,2,3,1,3,2,4,2,1,2,2,1,1,1,1,2,1,6,2,5,3,3,1,0,4,0,3,2,0,1,2,0,2,10,1,0,-3
1039,3,0,1,16,2,1,4,2,2,3,5,4,4,3,4,3,2,2,2,2,2,4,5,5,3,1,3,1,1,2,2,1,1,2,1,1,1,5,2,6,1,1,1,0,4,0,1,2,0,0,2,0,1,9,2,0,2
1041,2,0,2,18,4,6,2,3,5,2,1,4,2,1,2,2,1,3,3,2,2,4,3,3,2,4,3,1,1,2,2,1,1,2,1,1,1,2,3,6,1,2,1,1,3,1,3,1,1,2,2,0,1,4,2,5,-3
1042,1,0,2,30,6,4,1,3,3,2,3,3,3,3,3,3,1,2,3,3,2,1,5,1,1,1,2,2,1,1,2,1,1,1,1,1,1,5,2,3,2,5,3,1,4,0,4,2,0,2,2,0,2,8,3,0,0